"dodge, chrysler, jeep (plymouth) • trouble code p0132: i recently swapped the engine in my 2001 ram 2500 with ..."
"all other makes: volvo, fiat, jaguar, land rover, etc. • jag x type 2.2d 2008 dpf code p0406: hi,my jag x type..."
"dodge, chrysler, jeep (plymouth) • runescape is a fantasy massively mmorpg: runescape is a fantasy massively m..."
"dodge, chrysler, jeep (plymouth) • archeage is an mmorpg developed by korean developer jake son: archeage is a..."
"dodge, chrysler, jeep (plymouth) • hi all~newbie come here ~: hey ~~i'm new here~~~love archeage? runescape?fo..."
"ford, lincoln (mercury) • 1994 ford f150: labor for timing chain"
"toyota, lexus • obd code p0300/p0304 for a toyota camry 1998 4cyl 2,2engine: with the above listed obd codes w..."
"dodge, chrysler, jeep (plymouth) • 06 hummer h3 misfire: i just changed out my spark plugs. due to it saying m..."
"all other makes: volvo, fiat, jaguar, land rover, etc. • acadia gmc 2008 runs lean on bank 2 rich on bank1: [l..."
"gm: chevrolet, gmc, buick, cadillac (oldsmobile, pontiac, geo, hummer &amp; saturn) • intermittent dash and tranny..."
"gm: chevrolet, gmc, buick, cadillac (oldsmobile, pontiac, geo, hummer &amp; saturn) • 2004 gmc envoy 4.2l i-6 chec..."
"toyota, lexus • p0171 sensor info 2006 toyota matrix (pontiac vibe): 2006 matrix (actually 2006 pontiac vibe) ..."
"other german: mercedes benz, smart, bmw, mini • fault code e9: hi,thank you for your attention.this is my 1st ..."
"toyota, lexus • p0340: hi,i have a 2009 toyota quantum 2.5d4d,starts well,has power but after 5km it looses po..."
"dodge, chrysler, jeep (plymouth) • p0306 on dakota 4.7: cant seem to figure out p0306 on dodge dakota"
if you need help with that check engine light stop by our site
wondering what we do? check out this forum discussion
driving with low tire pressure costs you money due to lower fuel economy. check pressures at least monthly.
excellent! hope they get it sorted out quickly for you.
if it returns stop by for free help.
"if you need help with that check engine light, stop by our site."
"if you need assistance with that, stop by our site to learn more"
many auto parts stores will read the engine code(s) for free. stop by for help.
"when you have time stop by our site, we're all about those pesky check engine codes."
if you need assistance with the check engine light stop by our site
that sucks. stop by our site if you need help with that check engine light.
"ford, lincoln (mercury) • 2007 ford focus u1900 code: i have a 2007 ford focus zx4 ses 2.0 auto i sca..."
"dodge, chrysler, jeep (plymouth) • odb codes dodge caravan 2005 need fix: hello i have a 2005 dodge caravan an..."
many auto parts stores will read the code(s) for free. research the code before buying any parts. stop by our site for free help.
"we can help, stop by to learn more."
don't stress! stop by our site to get free help with that pesky light
"if you need assistance with that, stop by our site, we're all about those pesky check engine lights."
"if you need help with that check engine, light stop by our site."
nice! if it returns stop by our site for free help.
that's an easy fix lol. if it comes back stop by our site to learn more about what the problem might be.
very true about the gas cap. if you need help with your check engine light stop by our site.
"lol! it doesn't need to be like that, stop by our site, we're all about those check engine light codes."
"nice! if it returns, stop by our site for free help."
"lol! stop by our site if it returns, we can demystify the check engine light."
"check engine lights can be intermittent, sometimes as simple as a loose gas cap. stop by our site to learn more"
"if you need assistance with that, stop by our site to learn more"
"gm: chevrolet, gmc, buick, cadillac (oldsmobile, pontiac, geo, hummer &amp; saturn) • code clarification: i have a..."
"honda, acura • 99 odyssey cylinder 4 not responding: hello, i apologize if this has been discussed before but ..."
"all other makes: volvo, fiat, jaguar, land rover, etc. • [code]2007 cadillac sts 3.6: [code]2007 cadillac sts ..."
"other german: mercedes benz, smart, bmw, mini • bmw no start: i connected obd for the first time looking for a..."
"gm: chevrolet, gmc, buick, cadillac (oldsmobile, pontiac, geo, hummer &amp; saturn) • 5 volts from ecu to egt test..."
"gm: chevrolet, gmc, buick, cadillac (oldsmobile, pontiac, geo, hummer &amp; saturn) • help with p1345: 2001 gmc so..."
"dodge, chrysler, jeep (plymouth) • 2002 dodge durango: i got a 2002 dodge durango 4.7 4x4 and it starts up the..."
"gm: chevrolet, gmc, buick, cadillac (oldsmobile, pontiac, geo, hummer &amp; saturn) • p0455 code: 2004 gmc sierra ..."
"gm: chevrolet, gmc, buick, cadillac (oldsmobile, pontiac, geo, hummer &amp; saturn) • code b0100 short in d squib ..."
"other german: mercedes benz, smart, bmw, mini • check engine light mb c280 2007: bfore the first time saw c e ..."
stop by to learn all about that check engine light.
"if you need help with that check engine light, stop by our site."
don't stress! stop by our site to get free help on that pesky check engine light
"many auto parts stores will check the code(s) for free. stop by our site for free advice before buying parts, or as a 2nd opinion."
"nice! if it returns, stop by our site for free help."
"turn your day around, stop by to learn more."
we can help with the check engine light. stop by to learn more.
we can help with those pesky check engine lights. stop by for free.
stop by our site if you need help with the diagnostics once you read the code(s).
"always a good day when that happens. if it returns, stop by our site for free help with that."
"other obd-ii codes • p0430 - 2002 nissan sentra: i have a 2002 nissan sentra gxe 1.8l automatic with 111,000 m..."
"dodge, chrysler, jeep (plymouth) • missing and oil pressure on 80 sometimes.: i have a 02 jeep grand cherokee ..."
"vw volkswagen, audi • p2279,p1504 seat cordoba 6l2 2007 1.4 bxw mgb: ecu goes into emergency mode and does not..."
"dodge, chrysler, jeep (plymouth) • 2005 jeep cherokee p0308: i have 2005 jeep grand cherokee 4.7 v8 engine che..."
"ford, lincoln (mercury) • 20011 f-150 triton 5.4l 3v no 4wdr mileage 37061: 2011 f-150 no 4w.dr when starting ..."
"we can help, stop by to learn more."
many auto parts stores will read the code(s) for free. stop by our site for free information about the code(s).
"that's an easy fix lol. if it comes back, stop by our site to learn more about what the problem might be."
oh that must instill a lot of confidence in the vehicle!
"we can help, stop by to learn more."
"if you need help with that check engine light, stop by our site."
"if you need assistance with that light, stop by our site to learn more"
"nice! if it returns, stop by our site for free help."
that's an easy fix! if it returns stop by our site to learn more about what the problem might be.
lol! it doesn't need to be like that. stop by our site for free information and forums about the check engine light and its codes
need help with that check engine light? stop by we are all about those pesky check engine lights.
"toyota, lexus • toyota tocoma car code p1135-repair question (enigine light): hello, and forgive me if this is..."
"nissan, infiniti, renault • code: code p1110 for 2001 nissan pathfinder"
"nissan, infiniti, renault • renault clio 1.4 16v p0500: hello all,i've on my clio this error ""p0500 vss"" and i..."
mazda • 2009 mazda cx9 p0022: hi i have got error code p0022 in my mazda cx9 2009. my car is 100k miles done. ...
"ford, lincoln (mercury) • 2008 ford f-150 xlt 5.4 p0451 / p1450: check engine light with codes p0451 and p14..."
"ford, lincoln (mercury) • help p0453 high input sensor: i put a new fuel pump in my 2001 ford mustang v6 3.8l...."
"dodge, chrysler, jeep (plymouth) • 2001 jeep cherokee throwing six different codes: i have a 2001 jeep cheroke..."
"ford, lincoln (mercury) • p1131 &amp; p1151 error codes ford e150 van: on my 6 cylinder, ford e150 van, two error..."
"ford, lincoln (mercury) • p1572 brake circuit malfunction 2001 lincoln ls: 2001 lincoln ls. check engine light..."
"dodge, chrysler, jeep (plymouth) • 1996 cherokee engine light flashes codes: my 1996 cherokee 2.5td rhd limite..."
"gm: chevrolet, gmc, buick, cadillac (oldsmobile, pontiac, geo, hummer &amp; saturn) • 1992 chevrolet silverado 150..."
"all other makes: volvo, fiat, jaguar, land rover, etc. • 2003 jaguar x-type p1000, 2.5l, auto, 164k miles: i h..."
"ford, lincoln (mercury) • 2001 ford taurus p0133: i recently had my car rust proofed,and the next day i notice..."
"nissan, infiniti, renault • nissan fault code po420: hi.i am new to this forum so bear with me .05 almera givi..."
"gm: chevrolet, gmc, buick, cadillac (oldsmobile, pontiac, geo, hummer &amp; saturn) • 99 gmc sonoma p0300: i have ..."
a dirty or clogged air filter makes your car run worse and gets worse mpg. check your air filter every 6 months.
need help with that light?
"if you need assistance with that, stop by our site to learn more about the check engine light and its codes."
sounds like she doesn't quite understand that warning light. we could help her.
don't stress! stop by our site to get free help on that pesky light
if you need help with that check engine light stop by our site.
many auto parts stores will read the code(s) for free. stop by our site to learn more about the code before purchasing parts.
"lol! it doesn't need to be like that, stop by our site, we're all about those check engine lights."
"if you need help with that check engine light, stop by our site."
"if you need assistance with that, stop by our site to learn more"
if you are still having trouble stop by our free forums they are better equipped to handle these discussions.
"toyota, lexus • camshaft positon sensor code p0340: 1995 toyota tacoma 2.4 .is the camshaft position sensor pa..."
"dodge, chrysler, jeep (plymouth) • p0353 pcm a1 pin always grounded.: looking for a second opion before i go b..."
"honda, acura • 2001 honda civic accord p0700 and p0740: hi i went to get my honda civic check and p0700 and p0..."
"gm: chevrolet, gmc, buick, cadillac (oldsmobile, pontiac, geo, hummer &amp; saturn) • p0446: i have a 1997 chevy b..."
"gm: chevrolet, gmc, buick, cadillac (oldsmobile, pontiac, geo, hummer &amp; saturn) • dtc codes 2187 and 2189: 200..."
"all other makes: volvo, fiat, jaguar, land rover, etc. • 06 cad cts dtc codes 2187 and 2189: first post here f..."
"vw volkswagen, audi • codes p1429 p1440 p1432 p0106 p237 p0341 p0118 p0102: hello people,my 2002 180cv tiptron..."
"hyundai, kia • need help with p 2422 kia sedona 2008: please"
"ford, lincoln (mercury) • 2009 f150 4.6 engine lite codes c1282 and c2770: i have 2009 f150xl 4.6 engine ..."
"gm: chevrolet, gmc, buick, cadillac (oldsmobile, pontiac, geo, hummer &amp; saturn) • motor misfiring: 2003 chevy ..."
"gm: chevrolet, gmc, buick, cadillac (oldsmobile, pontiac, geo, hummer &amp; saturn) • p3449 error code on 2008 sil..."
"gm: chevrolet, gmc, buick, cadillac (oldsmobile, pontiac, geo, hummer &amp; saturn) • yukon xl denali 2007 p0420 p..."
"all other makes: volvo, fiat, jaguar, land rover, etc. • hand brake won't desengage ic ce bus 2011: i have a p..."
"looking for a good mechanic? ask relatives/co-workers/friends, and check"
"we can help, stop by our site for free help with that check engine light."
that's an easy fix lol. if it comes back stop by our site to learn more about what the problem might be.
if it's flashing that's bad! time to give your vehicle some tlc. check out our site to learn more about check engine lights.
"we can help, stop by to learn more."
"if you need assistance with that check engine light stop by our site, we're all about those pesky lights."
don't stress! stop by our site to get free help on that pesky check engine light
rt wonder if the check engine light is on yet?
"if you need help with that check engine light, stop by our site"
"that sucks! if the light is flashing it is bad, if it's on solid you can usually drive safely short distances."
"that's what we're all about, those check engine lights!"
"lol! doesn't need to be like that, stop by our site, we're all about those check engine light codes."
don't stress! stop by our site to get free help with that pesky light
many auto parts stores will read the code(s) for free. stop by our site for more free advice about that check engine light.
good luck with that. hope it's on warranty :-)
next time try it's full of free information and forums to help with your check engine light codes.
"if you need help with the check engine light, stop by our site."
"if you need assistance with that, stop by our site, we're all about those check engine light codes."
"ford, lincoln (mercury) • 2005 mercury mariner 3.0l p0351,p0353,p00354: replace these 3 coils. no codes. engin..."
"ford, lincoln (mercury) • 2006 ford f150 5.4l p0016 p0174 p0303: had to remove the head on bank 1 to remove a ..."
"ford, lincoln (mercury) • 2003 ford f150 xlt: i have the current code on my truck p0171, p0174, p1131, p1151. ..."
"all other makes: volvo, fiat, jaguar, land rover, etc. • obdii codes and state insp: i hava a 2002 gmc sierra ..."
"gm: chevrolet, gmc, buick, cadillac (oldsmobile, pontiac, geo, hummer &amp; saturn) • pontiac grand prix gtp cylin..."
"gm: chevrolet, gmc, buick, cadillac (oldsmobile, pontiac, geo, hummer &amp; saturn) • p0303. 2004 chevy impala: g..."
"gm: chevrolet, gmc, buick, cadillac (oldsmobile, pontiac, geo, hummer &amp; saturn) • p0303. 2004 chevy impala: g..."
"other german: mercedes benz, smart, bmw, mini • 1999 c230 kompressor engine light, code p0170 fuel trim bank: ..."
"dodge, chrysler, jeep (plymouth) • 2006 chrysler sebring touring p0302: for the elaborated analysis of the que..."
"ford, lincoln (mercury) • 99 ford f150 throwing p0306 &amp; p0308: hi guys this is one for those of you who like p..."
mitsubishi • p0340 wont stay running after warm up -eclipse 2.4l: hi i recently bought a 1999 eclipse spyder w...
"mitsubishi • code p0455: 2001 montero sport, 3.5 engine, 166.000 miles. i have changed the gas cap and would ..."
"nissan, infiniti, renault • p0335 code: my car driving fine intil i got home and car died on me, then i turn ..."
"dodge, chrysler, jeep (plymouth) • 1996 ford tarus: when driving the car for the first time for the day it shi..."
"gm: chevrolet, gmc, buick, cadillac (oldsmobile, pontiac, geo, hummer &amp; saturn) • pcm has no 12 volts detected..."
"other german: mercedes benz, smart, bmw, mini • recurring faulty air sensor on 2003 bmw 525i: help! my 2003 5..."
mitsubishi • wiring diegram: i would like to get a diegram of the injecter cuicet pluge thank you
"all other makes: volvo, fiat, jaguar, land rover, etc. • cuts out momentarily, dies on idle periodically: i ha..."
"dodge, chrysler, jeep (plymouth) • 2012 dodge challenger pending code reset and egr not ready: i have a 2012 c..."
"ford, lincoln (mercury) • the check engine light scams ""mechanics"" play: i have two ford rangers, a 1999 and a..."
"dodge, chrysler, jeep (plymouth) • 2006 chyrsler pacifica p403: i replaced my egr valve and the check engine l..."
"dodge, chrysler, jeep (plymouth) • p340 dodge durango 2004 5.7 hemi: help please. my durango just recently sta..."
"gm: chevrolet, gmc, buick, cadillac (oldsmobile, pontiac, geo, hummer &amp; saturn) • buick rendezvous p0420: so f..."
pre obd-ii codes • 202 code 2001 jeep cherokee sport: code indicates that the number 5 injector is malfunction...
"ford, lincoln (mercury) • 2005 ford focus p0171 too lean: i bought a 2005 ford focus zxw back in 2008 and had..."
"ford, lincoln (mercury) • 2003 ford f150' v6' 4,.2l, p0171 and 0174: i need help with engine light. p0171and 0..."
"nissan, infiniti, renault • 2007 nissan murano not work transmission: code.po720,p1117,po507,u1000 pleases i n..."
"ford, lincoln (mercury) • 2008 ford f-150 xlt p0060 engine light on: 2008 ford f-150 xlt 4x4, engine light on ..."
"ford, lincoln (mercury) • 2005 ford f150 xlt 5.4 triton p2198 &amp; misfire codes: my 2005 ford f150 xlt threw the..."
"ford, lincoln (mercury) • focus 1.8 tdci 2006 p0001: passed couple of days when starting from cold blue smoke ..."
"gm: chevrolet, gmc, buick, cadillac (oldsmobile, pontiac, geo, hummer &amp; saturn) • scan code p0327: i have a 20..."
"dodge, chrysler, jeep (plymouth) • 2004 dodge ram 1500 po448: only idles for few minutes in cold weather befor..."
"gm: chevrolet, gmc, buick, cadillac (oldsmobile, pontiac, geo, hummer &amp; saturn) • 02 saturn sl2 p0404 p0405: i..."
"mitsubishi • 2009 mitsuibishi outlander p1590 p1777: i have a mitsubishi outlander awc 2.4l engine,95000km. it..."
"vw volkswagen, audi • 2003 passau 1.8: i got a code p0304 misfire number 4 cylinder . where is the number 4 cylinder."
"gm: chevrolet, gmc, buick, cadillac (oldsmobile, pontiac, geo, hummer &amp; saturn) • 2006 cobalt ss p0017: i have..."
"always diagnose issues before replacing parts, it can save money in the long run."
wow! he should stop by to learn more about his check engine light.
if you need help with check engine light stop by our site. fyi many auto parts stores will read the codes for free.
many auto parts stores will read the code(s) for free.
"lol! doesn't need to be like that, stop by our site, we're all about those check engine light codes."
don't stress! stop by our site to get free help with that pesky light
"if you need help with the check engine light, stop by our site."
"if the light is flashing it's bad, if it's on solid you can usually drive it safely short distances."
many auto parts stores will read the check engine light code for free.stop by our site to learn more about them.
"nice! if that check engine light returns, stop by our site for free help."
"if you need help with the check engine light, stop by our site. it contains free forums and advice on many vehicles including vw."
"we can help, stop by to learn more."
"if it's flashing, that's bad.if it's on solid, you can usually drive short distances.stop by for help."
"that's one way of ""fixing"" it. if it comes back on stop by our site to learn more about what the problem might be."
lol! next time it is on stop by our site for free help with that check engine light.
"dodge, chrysler, jeep (plymouth) • mil code 054: was wondering what a code 054 on a 1992 dodge dakota 5.2 migh..."
"dodge, chrysler, jeep (plymouth) • dodge grand caravan sx 2009: i have codes p0300&amp;p0200 the car is driving ro..."
"gm: chevrolet, gmc, buick, cadillac (oldsmobile, pontiac, geo, hummer &amp; saturn) • 2007 lbz 6.6 duramax engine..."
"dodge, chrysler, jeep (plymouth) • dodge ram van 2003 5,2l p0505: iac valve chokes engine.hello, if i plug the..."
"ford, lincoln (mercury) • 96 mustang 3.8l p0351: i have replaced the coil pac. tower 1 and 5 on coil pac are n..."
"gm: chevrolet, gmc, buick, cadillac (oldsmobile, pontiac, geo, hummer &amp; saturn) • p0300 random misfire code: 1..."
"gm: chevrolet, gmc, buick, cadillac (oldsmobile, pontiac, geo, hummer &amp; saturn) • code p0305 flashing but stop..."
"honda, acura • code definitions: 1998 honda accord 2.3 vtech code p1382. is this the cmp senor[cam position sensor]"
mitsubishi • 2002 mit. lancer oz rally - code 0421: i have 240k on this baby. i have recently acquired it. i...
how often do you check your tire pressures manually?
check your tire pressures monthly to ensure safety and fuel economy.
"that sucks. if the light is flashing it's bad, if it's on solid you can usually drive it safely short distances."
stop by our site to demystify that check engine light. we can help you learn all about how to get the codes and what they mean
if it's flashing it's bad. if it's on solid you can usually drive short distances. stop by for help.
check engine light problems? stop by our site for free advice about that pesky check engine light
