stefan lofven (sweden) on achieving sustainable development through employment creation and decent work - pres...
mass tax foreclosure threatens detroit homeowners: tuesday is the deadline to begin what many call the largest...
"california's death row, the nation's largest, runs out of room: the death-row population in the state is growi..."
#smartcar new instagram post! 01-29-2015 03:19 pm: image:
"polygamy affidavits: links from one convenient location: amazing stuff! a specimen, in which emma says, in eff..."
"missing: hannah sue kennish (mo): hannah sue kennish, age now: 13, missing: 03/29/2015... #wesupport"
"#austin austin to new orleans (austin): i will be driving from austin to new orleans on friday, april 17th, an..."
#austin original metal band looking for new drummer (atx): we are an established original metal band . we're l...
#austin local artists and business owners wanted: wallspace exchange helps facilita...
"#austin stolen wallet *reward* - north central austin (home depot): my fiance lost his wallet on saturday, mar..."
#austin know someone with a piano? call greater austin piano tuning (central austin): do you or someone you kn...
#austinjobs casting attractive young women for reality tv show (austin): looking for young women between the a...
"#austinjobs plagued by pain? struggling to sleep? - fibromyalgia research study (austin, tx): you may be livin..."
#austinjobs industrial distribution lead (round rock): lead position in a fast paced industrial commercial lau...
#austinjobs industrial distribution lead (round rock): lead position in a fast paced industrial commercial lau...
#austinjobs marketing manager - naava salon|spa (austin): naava salon|spa marketing manager the marketing ma...
"8 tips for spring weather driving: spring promises some beautiful days ahead, but it can also mean unpredictab..."
"8 tips for spring weather driving: spring promises some beautiful days ahead, but it can also mean unpredictab..."
#austinresumes handyman / contractor...small and large projects... (austin &amp; beyond): handyman / contractor......
#austinresumes need a job fast (austin): hi. my name is darrell. i am in search of any work from small equipme...
#austinresumes electrician's helper/hand (anderson mill): i am seeking commercial and/or residential work. new...
#austinresumes professional nanny needed with infant experience (78731): we have a very busy family in 78731 l...
#austinresumes administrative and/or accounting opportunities (buda): note: 1. i am seeking part-time employm...
"ford's big lincoln continental bet (reuters): share with friends: | | video news, rss feeds and widgets via ..."
jay-z’s tidal enters crowded music streaming space (wall street journal): share with friends: | | video news...
"tornado tears through oklahoma town (reuters): share with friends: | | video news, rss feeds and widgets via..."
"was china behind the github cyberattack? (newsy-allvideos): share with friends: | | video stories, news feed..."
"who is new ‘daily show’ host trevor noah? (wall street journal): share with friends: | | video news, rss and..."
#austinservices need a dumpster? have a shed or house that needs stuff hauled off? (austin area and surroundin...
#austinservices know someone with a piano? call greater austin piano tuning (central austin): have you recentl...
#austinservices ★★residential&amp;comercial moving((2pro movers 55hr-w-references (★austin&amp;surr areas): we load an...
#austinservices -discount transmission service - free towing - free estimates - (austin): call simpson and son...
#medium bekende mensen: ineens waren daar vandaag de lichtblauwe avatars in mijn timelinecontinue reading on medium »
#medium #firstspin: surfer blood’s thomas fekete: vnyl talks to the surfer blood guitarist about how vinyl rec...
how (and why) i stopped waiting for others and started traveling solo (gawker): share with friends: | | inte...
"pao-kleiner juror explains ‘mistake’ with original vote (wsj): share with friends: | | internet news, news f..."
reviewing ‘everybody writes’ from a new writer’s perspective #sejbookclub by (searchenginejourn...
"yahoo, microsoft extend search partnership talks for 30 days (reuters): share with friends: | | internet new..."
"#austincraigslist free 50"" tv at move in! great price for luxury living (northwest) $1075 1bd: this is a bran..."
#austincraigslist * an efficiency with free cable near downtown (south central) $897 396ft2: an efficiency wit...
#austincraigslist concrete floors - one bedroom - central - available now!! (central) $800 1bd: call me sho...
"#austincraigslist welcome to the good life, lease today!!! (austin) $699 1bd 595ft2: view our website:"
#austincraigslist 2-2 condos on the river! (condos on the river) $1091 2bd 1168ft2: wooded and river views ava...
"#lavernia mary jane arocha lopez: lost: large black dog with long hair, name is lucky, 1 blue eye, has rabies ..."
supreme court lets ban on churches in nyc schools stand (christianity today): share with friends: | | religi...
"charges against cousins in terror plot tearing up family, aunt says (chicago tribune): share with friends: | ..."
"1 dead, 1 wounded in separate shootings on south side (chicago tribune): share with friends: | | religion an..."
"free exercise by moonlight (mirror of justice): share with friends: | | religion and spirituality stories, r..."
"indiana’s rfra act (mirror of justice): share with friends: | | religion and spirituality stories, rss and r..."
fact-checking a deal with iran: negotiations over a deal about iran’s nuclear program ratcheted up as the part...
why are chinese artists representing kenya at the venice biennale?: kenya will participate in the venice bienn...
thousands flee idlib city in fear of army counterattack: government chemical attack reported in provincial cap...
wale squares off against narduwar to discuss porn stars and polygamy: click here to see wale and narudwar face...
letters from the president -- military compensation and retirement modernization commission: text of a letter ...
letters from the president -- military compensation and retirement modernization commission: text of a letter ...
honda's teeny tiny sports car:
reporter physique critiqued:
'killing jesus' breaks records:
dolly: happy marriage secret:
"#austinjobs housekeeping &amp; laundry aid (north austin): now hiring!! housekeeping, laundry aids and floor techn..."
#austinjobs receptionist- south austin nursing home: southpark meadows nursing and rehabilitation center has a...
#austinjobs owner operators - weekend home time - excellent percentage: attention class a drivers owner opera...
#austinjobs assistant teacher (central austin): tree tops learning center is seeking an assistant teacher. $1...
#austinjobs looking for line cooks for immediate positions (north austin): main event entertainment is a fast ...
#austinsales tv stand with mount (south austin) $75: tv stand with mount and 3 black glass shelves. stand meas...
#austinsales prosumer samsung nx30 mirrorless + 3 lenses + 3 batteries (rockdale) $1050: 1050 obo for sale is...
#austinsales women's size 8 ski pants - like new! boulder gear (lakeway) $10: sz 8 boulder gear women's ski pa...
"#austinsales 22"" rims (south central austin) $800: i have all 4 rims only had them on my truck for a couple of..."
#austinsales 2 (set) adriana hoyos chenille fabric ivory and wood chairs (austin) $550: for sale: set of 2 ch...
"15th meeting, achieving sustainable development through employment creation and decent work for all - economic..."
"15th meeting, achieving sustainable development through employment creation and decent work for all - economic..."
"#medium distraction, punishment and the never-ending duel.: i’ve talked, at length, before about how my obsess..."
"#medium ‘i’m going to die young, mom’: what i learned writing about a victim of the germanwings plane crashcon..."
#austin guitarist seeking male or female vocalist: guitarist musician producer looking for male or female voca...
"#austin looking for a ride to chicago or the east coast: hello, i'm trying to get to chicago or anywhere east ..."
"#austin i have room for a gypsy in my van to corpus christi: hi, i am going to the beach for some collection o..."
#austin lost german shepherd (east austin): female german shepherd missing since thursday 3-26-2015 around riv...
"#austin :::reward::: (velero/sac n pac kyle,texas): lost:: saturday march 27 cardboard package of twenty pain..."
"border surge has compromised crime-fighting across the rest of texas, local police say:"
too many state symbols for new hampshire?:
us signed agreement with mexico to teach immigrants to unionize:
"natural links – what are they, really? (search engine watch): share with friends: | | internet stories, rss ..."
"spain to bring 100 mbps broadband to all schools (dmeurope): share with friends: | | internet news, news fee..."
what are your #freelance rates? &amp; spill all #marketingnerds by (searchengin...
"zynga must face lawsuit alleging fraud tied to ipo (reuters): share with friends: | | internet news, news fe..."
foramerica tweet dem rep gutierrez put together a “toolkit” for illegals on how to avoid deportation. what par...
#austinservices household cleaning services (austin/round rock): * offering very reasonably priced residential...
#austinservices *****aseguransa para carro/casa/comercial******disponibles 24/7***** (todo tejas): llamenos pa...
#austinservices a gmat instructor who cares (austin): there isn't a need to be afraid of the gmat; it is an ex...
#austinservices ☛☛affordable flat rate moving☛no hourly surprises (licensed and insured): are you being quoted...
#austinservices **vibrance landscaping*** (austin and surrounding): vibrance landscaping! (austin and surround...
"polygamist - bubbly tilt bass &amp; all polygamy drum sounds.mp3: that is only a partial overview study course, yo..."
"#austinbusiness austin tech company eyeq raises $1.2 million for growth: austin startup eyeq, which sells tech..."
"#austincraigslist * get lots of amenities, give little of your money (arboretum) $815 1bd 506ft2: get lots of ..."
#austincraigslist a canopy of comforts and pleasures!!! (central austin) $1275 1bd 762ft2: we made your life p...
#austincraigslist convenient s austin location****affordable 1 bedroom (south (william cn)) $785 1bd 565ft2: c...
#austincraigslist * a great sense of style | 1br | austin-style | great amenities (south ben white) $898 1bd 8...
#austincraigslist everyone likes new things! brand new property with a great deal!` (northwest) $1528 2bd: be...
#austinjobs automotive shop positions (austin): come join the best full service auto repair team in austin! ma...
#austinjobs waiters &amp; waitresses casual (290 east of oak hill): business is getting very busy and we are expan...
"#austinjobs part-time manager (austin, tx): we want you to work in our [store]! have you ever wanted to work ..."
"#austinjobs lvn, prn, for home healthcare agency (austin and surrounding area): hello, we are a 2 yr old, fas..."
#austinjobs customer-service driven sales reps wanted! (austin): attention: bartenders ~ waitresses ~ waiters...
representatives from every administration since 1973 — including reagan's — support this new trade agreement::...
#austinresumes hiring forklift driver (9665 hwy 290 east): southern tire mart is looking to hire a full time e...
"#medium ""the alchemist — gardening update"" in crossroads trust blog: as you can see from the crossroads trust ..."
#medium ask not for extra credit; ask for a do-over: running a spin-free classroom is not always easy. i respe...
"#medium (((soccer))) macedonia vs australia live online: macedonia vs australia live online, macedonia vs aust..."
"#medium ""lots to worry about in climate change"" in bull market: the episode of the curious sealions clifford a..."
"jockey motion tracking reveals racing prowess (reuters): share with friends: | | video stories, rss and rss ..."
"keanu reeves attends london screening of 'john wick' (reuters): share with friends: | | video news, news fee..."
"obama pays tribute to ted kennedy at institute dedication (reuters): share with friends: | | video news, rss..."
"phantom's nick cousins getting his shot with the flyers (morningcall): share with friends: | | video news, n..."
stevie wonder performs at north minneapolis church (minneapolis star tribune): share with friends: | | video...
serb politician seselj ordered to return to hague trial: yugoslav war crimes tribunal rules vojislav seselj br...
"tomorrow is the last day of march, so get those last-minute appli..."
"tomorrow is the last day of march, so get those last-minute appli..."
"'down to the wire' despite warnings, us races against clock to secure iran nuke deal:"
"take that, indiana seattle mayor issues travel ban in 'religious law' fight:"
break in the case cops: missing coed went into river after leaving bar:
"real gem of a fight 8 people, 1 country spar over rare, 840-lb. emerald:"
"artimys aims to help parents protect, not overprotect kids from social media threats (all facebook): share wit..."
"firefight outside nsa headquarters, reports say (arizona daily star): share with friends: | | internet stori..."
"increasingly, pay-per-use is paying off by | [#cloud] (websphere.sys-con): share wi..."
"jay z’s music-streaming service tidal readies for relaunch (wsj): share with friends: | | internet stories, ..."
microservices: the proxy is the app by | [#devops] (xml.sys-con): share with friends...
#austinsales the largest wwe ring (south) $10: i have medium size and a large size ring these are larger than ...
#austinsales 416 d 4x4 caterpillar backhoe (tyler) $35000: nice strong machine. works good. plumed in rear and...
#austinsales 2 inch led light cube flood beam (austin) $57: 2 inch cube flood beam led - off-road/working ligh...
#austinsales 2003 cadillac seville sls (nw austin) $1200: car is drive able but there are some issues. power s...
"#austinsales htc, smartphones for sale. iphone 5 for sale unlocked (6615 airport blvd) $190: need a smartphone..."
foramerica tweet watch: amazing video of 14-week-old baby “clapping along” watch: amaz...
exciting european cruises:
remarks by the president at dedication of the edward m. kennedy institute: edward m. kennedy institute boston...
"#austinjobs maintenance/service technician (promontory) req#26733 (austin, tx): mission rock residential is lo..."
#austinjobs ✭✭deliver with postmates- earn $200+/day!✭✭: earn $25+/hr delivering local goods postmates is hir...
#austinjobs the coffee bean &amp; tea leaf - barista (steiner ranch): the coffee bean &amp; tea leaf at steiner ranch ...
#austinjobs hvac installers (north austin): local a/c company looking lead installers. must have 2 years exper...
#austinjobs appliance technitian (north austin): looking for experienced appliance technitian to start immedia...
#medium where to find the best hoagies near homes for sale in tacony philadelphia pa: where to find the best h...
#medium vs macedonia live stream online soccer game 2015: vs m...
#austinservices ★★★ moving crews highly skilled nobody has moved more 45hr (austin / surr areas): we are stron...
"#austinservices holmes handyman service (austin area): do you need home repairs, installations, or an odd job?..."
#austinservices don't lift a finger ✦ let us help make ur life alot easier ✦ $25hr (moving more austin familie...
#austinservices austin a/c &amp; heating installation service &amp; reapir: are your electric bills higher than usual?...
"#austinservices _______top dollar salvage car truck and van buyer_________: let us pay you money! sit back, re..."
#lavernia soccer playoff game: thursday 7 pm at calallen high school stadium vs. hidalgogo bears go!
us denies killing iranians in drone strikes in iraq: pentagon rejects claims by tehran that us killed two revo...
mcdonald's breakfast all day?:
meeting with deputy prime ministers: on the development of the far east; on the first east econo...
"reinforcing the u.s.-africa partnership: last summer, the united states paved new pathways for our relationshi..."
#austincraigslist northwest great price for a 2/2 townhome___________w/d (northwest austin) $1050 2bd 917ft2: ...
#austincraigslist $450 off w/d inc. citywide 512-835-rent (835-7368) (brand spankin' new!) $885 1bd: outdoor s...
#austincraigslist wait till you see this one! (central austin = == = =) $1599 2bd: this apartment offers you a...
#austincraigslist newer upscale/ metro________w/d___pet park (nw austin) $890 1bd 693ft2: modern luxury apartm...
#austincraigslist 1-1 $685 citywide 512-835-rent (835-7368) (round rock) $685 1bd: any dog ok - 2 brs from $8...
foramerica tweet #gop finally has what it needs to repeal obamacare. one q: will they follow through? #tcot: #...
real 'terminator' created?:
high-protein meals:
def leppard too old to rock?:
#smartcar can the 2016 smart fortwo convince america that small is super?: image:
#smartcar 2016 smart fortwo headed to new york in u.s. specification: image: ...
"so you would have no issues with polygamy, pedophilia, bestiality, etc..?: homosexuality is a protected right,..."
voysey the voice: an intimate portrait of a polygamist family in a rural iranian village. the intricacies of t...
"hysteria and duplicity over indiana law: contact: catholic league for religious and civil rights, 212-371-3191..."
ex-feds accused of pocketing bitcoins during investigation: both officials — one with the secret service and ...
ex-israeli leader ehud olmert found guilty of corruption: monday's decision reversed a 2012 ruling that had ac...
doctors with cancer push california to allow aid in dying: dr. dan swangard doesn't know if he would take leth...
an unexpected wilderness cam at britain's 10 downing street: a fox slinked past the door of the famous london ...
#austinsales samsung galaxy tab pro 10.1 lte 32gb new (texas) $230: view the link
#austinsales gorgeous new strapless wedding dress champagne color (crestview) $220: i ordered this ivory/champ...
#austinsales ikea vinager floor vase (east austin) $15: i have a ikea vinager series floor vase for $15.00. mu...
#austinsales antique howard no. 607 wooden ironing board (north austin) $65: price is negotiable with orginal...
#austinsales vintage polk audio speakers amazing (river oaks) $175: model 7b in amazing condition. no tears on...
#medium مدونة الربح من الانترنت: مدونة الربح من الانترنت من خلال موقع التسويق بالعمولة كليك بانكcontinue readi...
"#medium ""don’t be a slave"" in life tips.: don’t be a slave to the opinions of others. what would you do if the..."
"gaggle en route boston, ma by principal deputy press secretary eric schultz, 03/30/15: aboard air force one e..."
jan eliasson on achieving sustainable development through employment creation and decent work for all - ecosoc...
sam kahamba kutesa (on behalf) on achieving sustainable development through employment creation and decent wor...
vladimir drobnjak (ecosoc) on achieving sustainable development through employment creation and decent work fo...
baby claps in womb:
return of lincoln continental:
weinstein accused of grope:
fishburne's mom out on street?:
duff explains bikini pic:
#austinbusiness some spansion employees in austin laid off after merger: the head of chipmaker cypress semicon...
#austinjobs apartment maintenance technicians (central austin): locally owned and operated management company ...
#austinjobs apartment maintenance technicians (central austin): locally owned and operated management company ...
#austinjobs dental front desk (austin): general dental practice looking for the perfect candidate to run the f...
"#austinjobs pick your shift-caregiver / cna / hha jobs (austin, round rock, florence): apply here:"
#austinjobs tig welders needed!!! (pflugerville): tig welders needed!! several shifts available temp to perm p...
#austinresumes full time hours asap: i am a new resident to the area of manor. currently seeking work around m...
one dead after car rams gate of nsa headquarters in us: second person seriously wounded after two men try to a...
"driver tries to ram gate at fort meade army base -reports (reuters): share with friends: | | video stories, ..."
"greece told to reform its reforms (reuters): share with friends: | | video stories, rss and rss feed via feedzilla."
"shooting outside nsa gate leaves 1 dead (newsy-allvideos): share with friends: | | video stories, rss and rs..."
should u.s. scrap income tax for consumption tax? (wall street journal): share with friends: | | video stori...
"south african fans excited despite zayn-less one direction (reuters): share with friends: | | video stories,..."
#austin ap chinese language and culture exam (austin): subject: ap chinese langu...
#austin want help for your anxiety? (305 e. 23rd st.): are you struggling with anxiety? does anxiety interfer...
